{
  "url" : "https://github.com/dbs-leipzig/gradoop.git",
  "commits" : {
    "553458a9a08bb522283b19464f76ca91713bc19b" : { },
    "bde56c2abc9485c8deec1a06d840ea4e14249a90" : {
      "testcases" : {
        "gradoop-core§org.gradoop.io.reader.SimpleVertexReaderTest" : [ "readBasicGraphTest" ]
      },
      "predecessor" : "553458a9a08bb522283b19464f76ca91713bc19b"
    },
    "1decbef07273217fdf80d332b7dee87504a119fc" : {
      "testcases" : {
        "gradoop-core§org.gradoop.io.reader.SimpleVertexReaderTest" : [ "readBasicGraphTest" ]
      },
      "predecessor" : "bde56c2abc9485c8deec1a06d840ea4e14249a90"
    },
    "5fe25a1326e0e36e7069c5d8c6bf3500f6bcc4d0" : {
      "testcases" : {
        "gradoop-biiig§org.gradoop.biiig.io.reader.FoodBrokerReaderTest" : [ "loadJsonToHBaseTest" ],
        "gradoop-core§org.gradoop.io.reader.AdjacencyListReaderTest" : [ "writeReadExtendedGraphTest" ],
        "gradoop-core§org.gradoop.storage.hbase.HBaseGraphStoreTest" : [ "writeCloseOpenReadTest" ]
      },
      "predecessor" : "1decbef07273217fdf80d332b7dee87504a119fc"
    },
    "ec3c117a7fbef0ca5b14e499a4b9b46323eccda1" : { },
    "95e5d6cae2c3051b7327dd3b1e0869d9f063b730" : { },
    "6510ae0618c3136d5aef5643459b74903ecdc4a5" : {
      "testcases" : {
        "gradoop-core§org.gradoop.storage.hbase.HBaseGraphStoreTest" : [ "propertyTypeTest" ]
      },
      "predecessor" : "95e5d6cae2c3051b7327dd3b1e0869d9f063b730"
    },
    "3579f2037fbfbb91ce94bb36f49738356f10df60" : {
      "testcases" : {
        "gradoop-giraph§org.gradoop.algorithms.LabelPropagationComputationTest" : [ "testCompleteBiPartiteGraph", "testConnectedGraph" ]
      },
      "predecessor" : "6510ae0618c3136d5aef5643459b74903ecdc4a5"
    },
    "1b588140947f8956889353729ab732e00424bd43" : {
      "testcases" : {
        "gradoop-giraph§org.gradoop.algorithms.AdaptiveRepartitioningComputationTest" : [ "testSmallConnectedGraph" ]
      },
      "predecessor" : "3579f2037fbfbb91ce94bb36f49738356f10df60"
    },
    "f3ebe3b0cd79fe24abefcce117dca224ba594df8" : {
      "testcases" : {
        "gradoop-giraph§org.gradoop.algorithms.AdaptiveRepartitioningComputationTest" : [ "testSmallConnectedGraph" ]
      },
      "predecessor" : "1b588140947f8956889353729ab732e00424bd43"
    },
    "4e88f35deb8a47f4ca8c4b42c527481ed5524c6e" : {
      "predecessor" : "f3ebe3b0cd79fe24abefcce117dca224ba594df8"
    },
    "01bccaf449a91fc2d3ebae6ebadb69b8e98656f9" : {
      "testcases" : {
        "gradoop-giraph§org.gradoop.algorithms.AdaptiveRepartitioningComputationTest" : [ "testSmallConnectedGraph" ]
      },
      "predecessor" : "4e88f35deb8a47f4ca8c4b42c527481ed5524c6e"
    },
    "c3e2f8486386ba021e8af5f950be26587a691456" : {
      "testcases" : {
        "gradoop-giraph§org.gradoop.algorithms.AdaptiveRepartitioningComputationTest" : [ "testSmallConnectedGraph" ]
      },
      "predecessor" : "01bccaf449a91fc2d3ebae6ebadb69b8e98656f9"
    },
    "af2d96e24beca7d9a90c7abdaa0135102807d255" : {
      "predecessor" : "c3e2f8486386ba021e8af5f950be26587a691456"
    },
    "dec9eeb752bd70db7d02b6e7f3196ad323777f43" : {
      "predecessor" : "af2d96e24beca7d9a90c7abdaa0135102807d255"
    },
    "c7acefa3e04da53a49aaf644eb241bd1b01f4f65" : {
      "predecessor" : "dec9eeb752bd70db7d02b6e7f3196ad323777f43"
    },
    "d7f5ad1e253cecb9643136079899ea2652802c89" : {
      "testcases" : {
        "gradoop-examples§csv.io.reader.CSVReaderTest" : [ "checkSimpleCSVInputTest" ]
      },
      "predecessor" : "c7acefa3e04da53a49aaf644eb241bd1b01f4f65"
    },
    "a270239794b7b89fff43f04ff300171a425f9a5d" : {
      "testcases" : {
        "gradoop-examples§csv.io.reader.CSVReaderTest" : [ "checkSimpleCSVInputTest" ]
      },
      "predecessor" : "d7f5ad1e253cecb9643136079899ea2652802c89"
    },
    "fe8fa7eccd87e604ab93bf1bada16a320ebda29c" : {
      "predecessor" : "a270239794b7b89fff43f04ff300171a425f9a5d"
    },
    "1d0ec13a4f6cd5db01007b656c36378913edd21c" : {
      "testcases" : {
        "gradoop-examples§csv.io.reader.CSVReaderTest" : [ "checkEdgeCSVInputTest" ]
      },
      "predecessor" : "fe8fa7eccd87e604ab93bf1bada16a320ebda29c"
    },
    "fa45b31b24106d642bbbbe031b3a9bad2ce59326" : {
      "testcases" : {
        "gradoop-examples§csv.io.reader.CSVReaderTest" : [ "checkEdgeCSVInputTest" ]
      },
      "predecessor" : "1d0ec13a4f6cd5db01007b656c36378913edd21c"
    },
    "c19474960ad3fe63005f3e981cd4bb289aef0217" : {
      "testcases" : {
        "gradoop-examples§csv.io.reader.CSVReaderTest" : [ "checkEdgeCSVInputTest" ]
      },
      "predecessor" : "fa45b31b24106d642bbbbe031b3a9bad2ce59326"
    },
    "7bff26f3cbb07a4da2cbfe66713be568f3547622" : {
      "testcases" : {
        "gradoop-examples§csv.io.reader.CSVReaderTest" : [ "checkEdgeCSVInputTest" ]
      },
      "predecessor" : "c19474960ad3fe63005f3e981cd4bb289aef0217"
    },
    "fbb52bd3de3e440ed908116f7fd706e26263b1f3" : {
      "predecessor" : "7bff26f3cbb07a4da2cbfe66713be568f3547622"
    },
    "c66b853cfe3a800eee62b4105415f0bc73244ac0" : {
      "predecessor" : "fbb52bd3de3e440ed908116f7fd706e26263b1f3"
    },
    "52f991af9540c403e9ae4ae90db519a58320eaf7" : { },
    "84ed2d41cd4327f7c8ab7fc7084f8f265f83a5c7" : {
      "predecessor" : "52f991af9540c403e9ae4ae90db519a58320eaf7"
    },
    "647243f6f3abbc5091f28953ad6a1c570864be03" : {
      "predecessor" : "84ed2d41cd4327f7c8ab7fc7084f8f265f83a5c7"
    },
    "af2429ff0a0bf1a42822c7cff440a88ed87fe65c" : {
      "predecessor" : "647243f6f3abbc5091f28953ad6a1c570864be03"
    },
    "940a387924e1e0c684bea9c38f39d262fd2b97e5" : { },
    "92ac78e399b76fccfe14a5085a702f4f79e3d5f2" : {
      "predecessor" : "940a387924e1e0c684bea9c38f39d262fd2b97e5"
    },
    "d1f78b92d33bc436214ab6e3782d1e609686e777" : {
      "predecessor" : "92ac78e399b76fccfe14a5085a702f4f79e3d5f2"
    },
    "10a7622464ac6ab3380f3935b430090303d383dd" : {
      "predecessor" : "d1f78b92d33bc436214ab6e3782d1e609686e777"
    },
    "567d8c65e80aaf0cc12599f0d023f8d542807f01" : {
      "predecessor" : "10a7622464ac6ab3380f3935b430090303d383dd"
    },
    "17db7d62b5b1340365bee7d1659563d8c28676d6" : {
      "predecessor" : "567d8c65e80aaf0cc12599f0d023f8d542807f01"
    },
    "22c07f9202369601ab0ff06bb3d2eb002ebf40ea" : {
      "predecessor" : "17db7d62b5b1340365bee7d1659563d8c28676d6"
    },
    "d916ecc90a9a75ba35470bd137a48b944570ba8b" : { },
    "937394435a5e1430d025a1d7cc9f47224ea805b0" : {
      "testcases" : {
        "gradoop-core§org.gradoop.io.reader.AdjacencyListReaderTest" : [ "writeReadExtendedGraphTest" ],
        "gradoop-core§org.gradoop.io.reader.JsonReaderTest" : [ "testReader" ],
        "gradoop-core§org.gradoop.io.reader.RDFReaderTest" : [ "checkSimpleRDFNTripleInputTest" ],
        "gradoop-core§org.gradoop.io.reader.SimpleVertexReaderTest" : [ "readBasicGraphTest" ],
        "gradoop-core§org.gradoop.io.writer.JsonWriterTest" : [ "writerTest" ],
        "gradoop-core§org.gradoop.model.impl.DefaultGraphTest" : [ "createDefaultGraphTest" ],
        "gradoop-core§org.gradoop.model.impl.DefaultVertexTest" : [ "createDefaultVertexTest", "createWithIDLabelsEdgesTest", "createWithIDTest" ],
        "gradoop-core§org.gradoop.storage.hbase.HBaseGraphStoreTest" : [ "writeCloseOpenReadTest", "writeFlushReadTest" ],
        "gradoop-examples§org.gradoop.sna.io.reader.CSVReaderTest" : [ "checkNodeCSVInputTest" ]
      },
      "predecessor" : "d916ecc90a9a75ba35470bd137a48b944570ba8b"
    },
    "4d36f223c19cf6f6c805f2277216d6b7f8b6b755" : {
      "testcases" : {
        "gradoop-examples§org.gradoop.biiig.io.reader.FoodBrokerReaderTest" : [ "loadJsonToHBaseTest" ]
      },
      "predecessor" : "937394435a5e1430d025a1d7cc9f47224ea805b0"
    },
    "067f7fccfb75ba7106cf722823b36b566f74b37e" : { },
    "1923ba1fbc35f6ab3ae38ee8494358abccd463e8" : {
      "testcases" : {
        "gradoop-core§org.gradoop.io.reader.RDFReaderTest" : [ "checkSimpleRDFNTripleInputTest" ],
        "gradoop-core§org.gradoop.io.reader.SimpleVertexReaderTest" : [ "readBasicGraphTest" ],
        "gradoop-core§org.gradoop.io.writer.JsonWriterTest" : [ "writerTest" ],
        "gradoop-core§org.gradoop.model.impl.DefaultGraphTest" : [ "createDefaultGraphTest", "createWithIDTest" ],
        "gradoop-core§org.gradoop.model.impl.DefaultVertexTest" : [ "createDefaultVertexTest", "createWithIDEdgesTest", "createWithIDLabelsEdgesTest", "createWithIDOutgoingEdgesTest", "createWithIDTest" ],
        "gradoop-core§org.gradoop.storage.hbase.HBaseGraphStoreTest" : [ "writeCloseOpenReadTest" ],
        "gradoop-examples§org.gradoop.biiig.io.reader.FoodBrokerReaderTest" : [ "loadJsonToHBaseTest" ],
        "gradoop-examples§org.gradoop.sna.io.reader.CSVReaderTest" : [ "checkEdgeCSVInputTest", "checkNodeCSVInputTest" ]
      },
      "predecessor" : "067f7fccfb75ba7106cf722823b36b566f74b37e"
    },
    "1b4a6fd4b841afc9ca6448bbf4cdc5502ee47295" : {
      "predecessor" : "1923ba1fbc35f6ab3ae38ee8494358abccd463e8"
    },
    "a9b7276c031622a1967a41f19c6ca9127fdc8093" : { },
    "9df2c3f4b24a546b9a532421faaa27927a98d937" : {
      "predecessor" : "a9b7276c031622a1967a41f19c6ca9127fdc8093"
    },
    "1079c7754522f1e63a3495f6f01c115ea4b045f6" : {
      "testcases" : {
        "gradoop-flink§org.gradoop.model.impl.EPGraphTest" : [ "testExcludeWithOverlappingGraphs", "testOverlapWithOverlappingGraphs" ]
      },
      "predecessor" : "9df2c3f4b24a546b9a532421faaa27927a98d937"
    }
  },
  "android" : false
}